{
  "project_info": {
    "project_number": "10402635865",
    "project_id": "fir-cricket-team",
    "storage_bucket": "fir-cricket-team.appspot.com"
  },
  "client": [
    {
      "client_info": {
        "mobilesdk_app_id": "1:10402635865:android:6edb42ed849baf87735148",
        "android_client_info": {
          "package_name": "in.visiontek.firebasecricketteam"
        }
      },
      "oauth_client": [
        {
          "client_id": "10402635865-o2sh3929tt1nmc2o5rk75fji65f0e7o6.apps.googleusercontent.com",
          "client_type": 3
        }
      ],
      "api_key": [
        {
          "current_key": "AIzaSyCu5WGo94T2LqTNQ9obnKKz4yS8X9WWOg0"
        }
      ],
      "services": {
        "appinvite_service": {
          "other_platform_oauth_client": [
            {
              "client_id": "10402635865-o2sh3929tt1nmc2o5rk75fji65f0e7o6.apps.googleusercontent.com",
              "client_type": 3
            }
          ]
        }
      }
    }
  ],
  "configuration_version": "1"
}